Line,Serial Number
1,MW4EPMWA
2,KHJ2UMJA
3,WWKF8KNA
4,T6E249WP
5,SHIT6VR
6,MUWQFAN3
7,WG5VMY9Y
8,JHGYWUN1
9,E9JMXK3E
10,VPCJNMT3
11,C9D1HVW8
12,PU6EKAR1
13,X6P9C07X
14,GWA09J1H
15,DC35U9X6
16,DX0VN150
17,HTFY71JR
18,A7A5H53N
19,D5DX649C
20,VVQ86R7V
21,W6CKMPEX
22,NC4YDEWR
23,C8UAFQGV
24,MGNFTYP1
25,YTA7PU7V
26,EHWJ4R32
27,EY78508P
28,W22E51VC
29,MUE8EP2C
30,UWPNWHH4
31,CWKCJE89
32,T929AC68
33,Q57UQJ7C
34,AYU3HWWE
35,XV7UK317
36,G4KNV05U
37,PFTW2351
38,HQ09FJPV
39,KADDKVQD
40,F81K3N0T
41,W23DG4UH
42,AYFT3Q5D
43,VFDGWXFX
44,CQW1ND1X
45,GP1KC04T
46,QVFN23R8
47,J3DHJ2CR
48,Y9R4Q4H2
49,QHMD8JX2
50,YGHEKJJA
51,T53K7R16
52,M8GKNE9R
53,U2HEFN0U
54,W2A9XHQH
55,F5EE8FQM
56,F4XTGPMG
57,DHGPMFU8
58,W26YYD1Q
59,J3EURKV3
60,U37ER1X6
61,UUFHHXAE
62,G6DT4HT7
63,PCTHW29M
64,N6QHFE5G
65,HMMRD7HA
66,J4H07UR5
67,R9YAXKXX
68,TY0U712J
69,P27JRY8G
70,ANDDTNQ5
71,X387C1DW
72,HU7308JH
73,WFEGR89N
74,XAD1CWDX
75,Q1T1FD53
76,FRKJ4TAP
77,UPNDJJD2
78,WDG9Q4FG
79,NQC5D25D
80,KHC3NPT8
81,RNRQ8UM7
82,JG7KTJ1J
83,KD22HN3N
84,FP8VY6XH
85,DFJ0ER2A
86,R53WF3M9
87,WW47HJRA
88,VATHH25J
89,NP0CGHAM
90,JX6W0HYT
91,CGCVQQ3G
92,GCV2Y35D
93,CPRTM4KW
94,CRR3JVWH
95,AYAF92A8
96,JHFWXVW9
97,TXW6NAGD
98,UTJ2YYAW
99,KWF9CRDW
100,TT1FMHCV
101,TWRF8P98
102,D18T0NQ5
103,C6METV7N
104,VXGX66H7
105,PAEVYYX6
106,TMR2YAKH
107,P34JK6WD
108,TQ9CQGUN
109,E5UQT4DR
110,HTQ5E6UR
111,NQQ46C1F
112,EGV250VD
113,V5YCM3J7
114,AA05HHFJ
115,UTA2EC6N
116,XP0G2UW1
117,VN320HPR
118,EVVK4G4C
119,R7R1T6KA
120,W8U0M4UA
121,NT811RX9
122,GGFUQY5U
123,W402R1FX
124,GEJWYVUC
125,UMRGE2AV
126,H8A8DCMH
127,P23K0FGD
128,J8JVHHTR
129,KXYX1DV1
130,TA2TK290
131,V3TD7HV2
132,YP1QXCR8
133,TW3KUPWV
134,RPUVFFMY
135,QW1GF63T
136,Q800W0Q6
137,KWKUHW8N
138,U37F1MJY
139,M0GF90CQ
140,E00QHH5K
141,A7H9DVE3
142,FRMVH79F
143,VKJYXEMH
144,UVE6MQGE
145,YJ7CEJKR
146,N0CG6PG2
147,AAD646UH
148,AHNJFR1Y
149,QKV2TYD4
150,W13MY11F
151,MNF16JCP
152,VVEFA21U
153,XQ1W8CYK
154,NT2E06UX
155,YHX1QD31
156,MYG3QGXU
157,N59TTUM1
158,N3DN2WFT
159,U0JVCRA8
160,W4593FKH
161,T4KK2PMY
162,G5PC95XE
163,M2EC79Y6
164,M78DC1DT
165,K7DF406X
166,FCH93E3E
167,X6RNXFXR
168,TM9806GT
169,XN5AKATJ
170,PQ5UJ1K9
171,CAWTTXTH
172,RK6YMEAE
173,QA40A8PE
174,GA57JHNN
175,R9XCGE7M
176,WW132AWC
177,A5FNRYPT
178,UE9JU2YD
179,PTM0F33F
180,X4DGFQGD
181,XAGXQAYX
182,GGAX3QQ6
183,ET6RCHGG
184,A96RV57X
185,XX5HYTGT
186,E6PG6DQX
187,JEH4F0HT
188,P9PW0JQG
189,PXATEC7V
190,Q946PJ0V
191,GJYKJ3ND
192,HE7UXFJ6
193,CFV77GFE
194,FFT9TCWC
195,YTPM799V
196,AWXYMTFF
197,JG9HPJCK
198,U8494GR7
199,EKVWR7FN
200,UQQ3YQ7M
201,U6W25VY0
202,EY64TT9W
203,DX149KQ4
204,E002U8H4
205,P5Y9WHFT
206,JH23UAJJ
207,RQQJCX4T
208,DUP9CC42
209,AJ73Y6EJ
210,HC6HNEXP
211,P5FVFMYQ
212,MR7U3VAX
213,Q4PF2GM6
214,A1HG94N1
215,PARQWU5U
216,FHEY7QPF
217,DN8PMN1Q
218,FQENU4J3
219,RH987V0A
220,XM8091K5
221,N4TQYW40
222,KJ6600KT
223,KC57GQ9R
224,VMC3G0HE
225,DAF9GDRN
226,RR9UMPKE
227,H5W3NM0W
228,Y8P3TDYT
229,KD358PXX
230,N736VKUK
231,FN5D1P68
232,W92YCCR2
233,J0611GX9
234,EQQAN4TX
235,T3Q2WVA5
236,DVT4N6AU
237,UEF92GQ8
238,EUV7KW05
239,KJ4EC17E
240,RG3AY4FH
241,CRM53TFE
242,FJFQAKQA
243,XQUJWXNX
244,DW6PYXFD
245,NJEX99C2
246,RWPF0N7H
247,A4GE5D36
248,K3N9QEYK
249,JG5AYUTY
250,YT02FJ5A
251,F3EKX8JH
252,VPFEE4ND
253,JEF6GPDA
254,AK35M9HG
255,PVXQ7FK3
256,TXQWP5T0
257,VCHW65V3
258,F5QW2QPH
259,Y85T399K
260,U688HKDR
261,M4WF5A0W
262,U0N83XE1
263,W3GGX7C3
264,HCR4V1HM
265,E0NFE4XQ
266,U6HN1K1A
267,GDFR0HAV
268,NHD07JG0
269,F26TCE2Y
270,Y7R4FJMC
271,T3373QX9
272,HP6EDWR4
273,HD30A4JW
274,QNQ2WCUM
275,UE58MPXT
276,N25W358A
277,XY12WU9A
278,P7EPKXJ1
279,TDK2W17N
280,JN0YWPV7
281,FQ5ENFXE
282,XAQG4CHA
283,JQK35W69
284,P16YJGX8
285,E3EEHC2F
286,U9XJH8NR
287,TYCK8KFX
288,XPMMQYY5
289,H5M9W3HC
290,M7TJ2RW2
291,G0R3QTCJ
292,D1KE6FG0
293,YGYVRQW5
294,Q8KY559H
295,URA7G5MH
296,ANGNKRRQ
297,A3JXT8A3
298,G1YDJ3RE
299,G059M31M
300,G7GMPR1T
301,TM38VR8C
302,GRNK3HP9
303,UNEVP30C
304,P302FJMA
305,PV0WQUG9
306,UG9073YV
307,A440T39C
308,V7UN49KX
309,M7GW5Y24
310,XAN9V67R
311,Q4TY0QNV
312,D916HP9T
313,MMNXMVX1
314,K1VAW7KM
315,WTNDD14M
316,PF9AP354
317,N8GFRE7J
318,GX4E177P
319,Y9GA9RCV
320,FVCJRAK1
321,CY5E3X73
322,HA42FC97
323,X4V91Q3C
324,T0PNTD65
325,V4XEP3FP
326,XPAPQ4H8
327,DH0D8XVX
328,NXF4CXN8
329,TKTVHKE0
330,PEN81YMU
331,Q90EJC28
332,HRY52NH1
333,UJA9K62M
334,FWQ0A4HK
335,FFC9QR7M
336,FNTNJXJX
337,CXHTW6G3
338,V18HJUCM
339,N9M2QJNG
340,TJQUVQ63
341,M85CTF82
342,MV14DU5K
343,YK24XQGX
344,GEAP59T3
345,MW23X3UG
346,VCGX4RWN
347,MJA58FMN
348,DGK0GXDY
349,NR51J7VA
350,N0TVXVQW
351,UNVA5H31
352,TFRXNQYP
353,U24GNJ4V
354,W53A07AR
355,A7021D5G
356,JPDMWUYM
357,RDKWH45M
358,X844EADX
359,RRCVNH62
360,TQHE9MCD
361,NNK0P1N4
362,E111T0AC
363,W5UDAW5A
364,K6TC7JXF
365,N696QFQT
366,GQTDQ7E4
367,T8E5VJQU
368,CWD8YRQF
369,J1DCV819
370,VT1NFR6K
371,WPV3N3M1
372,C3D4C6P1
373,U7U2MH6Q
374,D6HECAQU
375,HNGCD16V
376,RRJU4TAD
377,X89EAKAT
378,AH1PDJ38
379,A4XG74AU
380,D3X69U6U
381,QN55JAY4
382,N75GFAXN
383,RHKT2HDD
384,AGU14W2C
385,HTY080HQ
386,GVDD8D2Y
387,R8Q1FNFN
388,X67PXNUF
389,PMGJH8PE
390,JRAK1VM4
391,W0JHTK8Y
392,DVK2YQVX
393,WAWJKH9Y
394,MTVTFQ3D
395,M5JMW2X4
396,Y169U0U8
397,DGFTKKP6
398,K1G0AP5F
399,X2FYAGK9
400,QXC62AA8
401,FPNRH0YV
402,W0NPQH72
403,WQ0VX9K8
404,U4E084YP
405,C85ECCVG
406,QYMYRDPT
407,HXACXER8
408,K592FARN
409,RW8VA030
410,JDNEHVY2
411,FXW931W1
412,KUWP2KV9
413,KAQ02H6R
414,PG3JV0FG
415,XN96RTKN
416,KP4C38KV
417,UU6HYCFJ
418,H1AUU1UK
419,NXPY8HFW
420,EHRY3CV4
421,F4PW57VC
422,A7XJUNK6
423,T766C5CE
424,FJAQY3FN
425,V3XV2771
426,T54YPG0U
427,GXRJ2PVP
428,YJNW2XX7
429,GX08PUXM
430,EQ6FPV2X
431,W0W908XV
432,DNQKA3C1
433,CKK1XTUG
434,G2Y1GT4V
435,G0U2NRF0
436,QMT7AC97
437,Q8YD4JWY
438,EYGG1YY5
439,X7NAUUUU
440,P0EFDRFQ
441,FE38J3TA
442,PJ15WEK2
443,JHUCF2HX
444,WPGV7RH3
445,M7YJYDXF
446,PYNGEPYV
447,VYXHX51A
448,EHCK4TRU
449,EXD5WF2P
450,DHDD9FCX
451,NFK7T3DF
452,HX9KA6GW
453,AMX3C6M9
454,JUX8WWVP
455,XQ6Y3M3Q
456,Q9JCXNXY
457,K9XW3R57
458,DYHG5RYX
459,N2357GPV
460,JWT39M72
461,Q6HY7K0G
462,N5R5QTT2
463,DCWQ6TW4
464,VWP9DPM4
465,D9PU72MY
466,AC4X1GFW
467,RY6V1NRT
468,JP4JPM17
469,G8VAR6G0
470,RJ1T5RKY
471,E9P9XKHQ
472,J2A4NFGN
473,U1RWGD0T
474,D2W1GHFH
475,K6EXNQ55
476,C02CNDDN
477,RY75Y5E4
478,FP2VPAVJ
479,RJC740HX
480,KQ5YPXQG
481,V7JN5HDR
482,A65201A2
483,CDGH52ER
484,D1A92HA7
485,TUCEQRQQ
486,UU2T62X8
487,C3CQ7H1D
488,NNKJ6JWJ
489,VUDV7GHX
490,Q88V1695
491,NQJ3TVGH
492,A24GH8F6
493,C7V3F2NR
494,CXT0QG80
495,D1TAKMYN
496,KEMP17FQ
497,RUKVWAGX
498,Q56UF979
499,CWCAK089
500,M7TJ99VF
501,Q1884UKP
502,W8UMUACU
503,PMUG77TX
504,F59CGHR5
505,E4TC8Q30
506,DMGYDPM5
507,FV2CW8F1
508,TVC70KVG
509,WJTVDK4M
510,YGMQ6QHD
511,ECTN7AN0
512,N9FXK5FG
513,Q5FNEKM3
514,WJFGMGWM
515,QR223WCX
516,GT2UCNP7
517,AQUENJP2
518,PRN2Q2RF
519,UWDJ0QAH
520,RVNGD78H
521,DCG9A73Y
522,EMHA5N6A
523,X2TVDE4T
524,RGQCGHPT
525,KEJRR9EG
526,XA9HJRV0
527,XVDWM53D
528,EXTP9J5A
529,FK8H451E
530,N2FKWX5E
531,VW69E5P7
532,W3X9N69V
533,J7VE14NM
534,N7VAYYR6
535,EG8AC6PQ
536,TE3UTUA8
537,C4VM3096
538,JVRVDPPC
539,AY8GUMAP
540,EW6XEWRP
541,PUETXN40
542,YRJ13WGY
543,UXK52PE5
544,ANTNX34K
545,DUY43FAG
546,V5T4F7WP
547,AXD2JW3Q
548,Q8CEAR3G
549,E85TTWP6
550,GJ9WJTT1
551,KN596E9U
552,TUD1X8GF
553,DJUTP6RR
554,CVKR1QC5
555,QJFR6ADQ
556,WXHTG5PR
557,FRP0DA82
558,XDXYRGCV
559,FQ9Y0GHF
560,G8HW3XKY
561,NDVNC259
562,Q8QHNY9J
563,H2QUWJM4
564,ME39RVJF
565,VANPYWNP
566,JPJX7VEK
567,FJJD8UN2
568,NAF7YP5M
569,J6E083GT
570,RUH0MYWW
571,UQJNXC9P
572,U12RMN9P
573,NW1TRNEU
574,EMEJUM3K
575,P3YVT5VG
576,JREYRCDC
577,GJJ6CQUK
578,DXJ4T8FG
579,V0JGP4QE
580,YTYGRJ61
581,RH43J13G
582,T45ETWJW
583,JW92EJJ4
584,TV4ADMCE
585,N0NCX7R6
586,D13XM1HR
587,P0P5JEE6
588,P6GRKY7N
589,EVXNNEQ5
590,E7CPJJXW
591,QQ460A2T
592,H2W9D5QT
593,DTC4AMYT
594,HHN3TX9K
595,HUWC8YUR
596,U2PDFU70
597,HCD2KC53
598,C59XC0F5
599,MRVQ5PEF
600,X86J4QGC
601,WXNJCC2Y
602,XE1J710E
603,N267K072
604,URR5M6CW
605,Q1RJRMTK
606,KMUJFJYF
607,JKYEGJFU
608,XFCJ3YCD
609,GM3VHN73
610,A63DD4F7
611,UPJ0V686
612,E5YN875M
613,C0XYGCVA
614,TT46NK0V
615,F0R1PRAV
616,UHJ17KJC
617,DR5197GW
618,G1W0WMVY
619,EYDRGMXH
620,DYDQU5P6
621,XFDJ54T4
622,J8JN78KQ
623,X8CVUGU2
624,R2VJ89W0
625,YXAW8WF1
626,NTFP6RWE
627,XAFKP64A
628,MQEPJM04
629,FDKC86UA
630,TR32119M
631,NX7A1N00
632,DMA68T4A
633,GJ6AC021
634,MP5UVGNT
635,C7TD7Q0G
636,FEAEG046
637,W5QC9MTE
638,P80MU8RH
639,HE8A93XJ
640,JX62W1XD
641,HF4XUAK2
642,MC7PXQT9
643,J9Q9RDH9
644,K3VUDG4T
645,QQR3K3KY
646,N5VUC9F9
647,FTA77XWY
648,HWCTJCJF
649,TFGJY127
650,E5QEC4M4
651,YC4PFUVG
652,WN3W02Q6
653,PHFNVPC5
654,GMTQH2Q7
655,D89FARAK
656,P8Q7V84Q
657,XD60K27K
658,JPDQTMG4
659,ER4JT9NM
660,YR2XFVJX
661,KY802J3T
662,DC6F9WRX
663,VAEVYUP5
664,RWC94QWM
665,VRCMJ3FU
666,VK9AC3EM
667,TFK9WEE3
668,PXUHM184
669,TPNUFVW2
670,RJQA80NW
671,K6GXFU3W
672,F0GANKKN
673,FJ5Y77VW
674,D2NVV13D
675,AJF6R1WY
676,TCJJKRKY
677,MQC46FWD
678,WUC8YUQY
679,M0FA2RNQ
680,CTWYWMCP
681,QE2H18VH
682,JTA25DKH
683,U74JNHU5
684,WT22U60Q
685,MMTH7W58
686,YKUMV81X
687,C3TDWUH0
688,FQ45N02F
689,FNAWUPWV
690,K8NANDY4
691,YUX9MM3M
692,PNJFW18G
693,Q0U78WHE
694,DRR5XQT1
695,DYNKJ28E
696,XEEQ32UW
697,YVUM9D5W
698,UNA33RVJ
699,DT2WDN0U
700,FA04X670
701,RHE62Q7F
702,X1KTPFMM
703,FJU5MFA1
704,U8104M3W
705,VXTJ547Y
706,NV11YE0K
707,T6E2X8G5
708,QWM649MD
709,UGHH3MQF
710,QF423762
711,RQP44WHU
712,WH48K16V
713,Y93766GY
714,W8ACKK95
715,UE7242M2
716,EKY173MY
717,H8FRXUW0
718,T9Q20H9Y
719,FKX36V6H
720,Y57NGUP9
721,CD1AKHXY
722,CPDT5UU1
723,JX5CE2GN
724,D9J64CT8
725,YQGUVUFK
726,VQYF249Y
727,CCJT2GUF
728,H18YQGVA
729,V6FMEEFA
730,YQHX4E1Y
731,RUKFM7ER
732,DVG6KYJQ
733,W7992AUN
734,G4A2RNN1
735,T75KVYD4
736,MXR8GXH3
737,P4K3F2A5
738,PMHP8U93
739,QVUKGFPW
740,VMQJFTKK
741,TEGVAF9T
742,YVCYX2XA
743,ETG2E435
744,ENU7CMJT
745,ND7NH3K8
746,U2XPDGR6
747,CEWH3212
748,RE3DDY2Y
749,JJXXRDAH
750,FXP67VR1
751,Q0R8A069
752,J3UYT1G4
753,FXF15JFX
754,QFN7P6JE
755,J9EMPNU8
756,QG3641J8
757,FMDAAGN0
758,NUEKCQ1X
759,J7N6JTJA
760,XHUGYM93
761,XAX9Y7V2
762,RCVQKXXM
763,VEHMKJT3
764,M8MXFWKW
765,MJJ7EYRK
766,G6JY0CTJ
767,CFCW1RW6
768,KNH6VND7
769,VJ9UTCT3
770,PMC3GJW4
771,WH4CFU3X
772,GUJCEGXV
773,HT5RVP4X
774,PE2KPX61
775,VG4AKGWY
776,H35M0M8M
777,AR759HA4
778,FE15C18W
779,KKYYN0W5
780,T8VTW2M1
781,DWRWA662
782,VGDR042K
783,MM6YMJCE
784,FTR4QNJ3
785,WNJY8AA3
786,JFR7NY0A
787,QPWJ8NA3
788,DXNNHE3F
789,TRV73969
790,A216Q8Q0
791,WJM7AU8G
792,DAFU1602
793,EPDWFHRP
794,YTHM95N3
795,A2TY1YWU
796,WUFNG079
797,NTYRUM5D
798,G5269WDH
799,C23WQPFT
800,GKPPAEJT
801,R47MDX2K
802,JCXW7Y6M
803,WG1C819J
804,W0CV74Y6
805,FYCE0KU0
806,CY41WYY3
807,YMU99U1T
808,R0G3HMRG
809,U8U8JPH2
810,KPUW5XRN
811,VWC4CXMG
812,ERVY0QHD
813,PRWT2HD7
814,RPCVWF77
815,UJVWJ87T
816,XPETFM5G
817,GU7JJTMW
818,URGA11HW
819,FAPEXE8F
820,T7MCRVVT
821,CAXCU141
822,K461EV3C
823,HC717VM8
824,MT9Y704C
825,PDD3TDN0
826,H3RG48HV
827,Y3M8N69R
828,G7K6ACCX
829,TQWDJ7E1
830,FT39KJRP
831,MPNW2MF8
832,WT76N385
833,QWQ0A1D1
834,P29G0XJV
835,UCC8YYCX
836,G4TMR0PT
837,DE4XEUV2
838,W0WX5M5A
839,RQNPDHY4
840,JT0XUN7H
841,YKDQ7WX1
842,PUW39VXV
843,VFW00VG6
844,DJU2CRD8
845,PVYR29JJ
846,M188PXCN
847,GUXHE6PN
848,XQWTK8V3
849,QRU7KW1M
850,M9VWG3J8
851,GJAN1KCP
852,F2MCNN9C
853,DWRWMPDW
854,RRUP20YQ
855,TFKC1F5N
856,J86CKF45
857,JMWRFR7W
858,WGMD98Q9
859,FF9RCEFC
860,JJHJQ3A1
861,M01Q91HU
862,VKY0V5W3
863,FHHG348H
864,V2F7EJXT
865,C2A3WVTM
866,FAU8GWMJ
867,K41K3G01
868,FY1KA5GY
869,T02VNP66
870,C33AC6WR
871,W05R7GGH
872,RP4WWKP2
873,T4TH6M1Q
874,VT7776DC
875,M7CJCVET
876,MX67VKJD
877,NDTGGTFA
878,DVCX3AMT
879,J63JANTD
880,Q3E1806F
881,V4RREJ5R
882,G3YNEGDU
883,QK69YT87
884,UHMHJ1XR
885,QJW80H8A
886,Y5R2XNQ8
887,C1CTHEND
888,KN228JR7
889,QYX8A8AC
890,V6QCE881
891,XPGH47JV
892,CDR25E4T
893,THEN6JUR
894,J3JJEGEG
895,X01H7D83
896,H969R7MY
897,UVFPQ6XV
898,P0GRQA87
899,PXRP7R69
900,KA5T8TAJ
901,R9GMUU7G
902,TKF91YXF
903,E4HW9ARQ
904,Q5J4G4P7
905,MNQ2J2HP
906,HPK0JQDX
907,H99V7YT0
908,V7TDT911
909,YUHQV23X
910,NT9RKQ6C
911,U1QNTJ5X
912,N0MKTMHT
913,MR035KA8
914,GYHWWDH9
915,REKXRY34
916,K5F8ETEE
917,YHY3M744
918,GM3V7W13
919,V54K134C
920,HEUTMN5W
921,VMWXGF0Y
922,Y2W015J1
923,HM5KXQ1U
924,WFAXV2NK
925,XJ40YPJ3
926,N0W8X3FY
927,K7GH2G27
928,M1MAEN15
929,H3UQJU7P
930,ATXYCC5T
931,TCAWDD5P
932,FYK4HG35
933,MT65UN64
934,EDTWJKV3
935,KGQGREQK
936,EXTK0YWC
937,CVCM82TJ
938,PVV7WNTU
939,PXT6FAGP
940,C275TWKM
941,K24Y44W9
942,UX4XV3AJ
943,UGGDYRDN
944,CPMJC2P3
945,AU92C12F
946,VECMECU2
947,HWP3FAK6
948,PXYN34WV
949,U54Y877R
950,YGWXTY6E
951,UNHUQWF2
952,A91XVQNN
953,DJEDH3A8
954,JC29VYFD
955,C9C8X7UT
956,P85XF1N7
957,NKFJ1YK8
958,JE5KRPQ0
959,YXYT39F3
960,RYD270QE
961,FVKY2Y1P
962,XMXV8FMW
963,WTT5NQMQ
964,F78W4VC5
965,CD33UTYA
966,K2168CAN
967,APMHP57M
968,D9F4F6YY
969,HE1FGAK3
970,R99MWDTM
971,EKP73Y0A
972,PCFUW2QR
973,CTGN6500
974,TDV3DQXC
975,K2XX6N79
976,TJ2H8RFX
977,DU4XCQA9
978,YPJ6N45K
979,YUJWGG73
980,NAVFUJV9
981,N7H0UHTQ
982,G46AW375
983,RMRJ2015
984,KDK7N3MN
985,GFH6P449
986,F351RDKX
987,KU68H3QM
988,RGJDNEVQ
989,HC27KGJM
990,EQ476QYJ
991,ARFQKPRT
992,AXDMF6CR
993,C51AKX18
994,EUFECGVA
995,W15CAEGV
996,JKE8QWJ1
997,DR9A9EWN
998,D8G0YFJ9
999,NTFTRCJG
1000,DJFXCA0J
1001,F0H8CHJY
1002,YQGRNTKP
1003,CUQCTY42
1004,G343WFED
1005,JYN6UK10
1006,YC77F4X5
1007,QNY9X3TK
1008,PEXNREYM
1009,EVFVK774
1010,P2U16NM8
1011,A3Y4MUH6
1012,EUMFE4FU
1013,XG95C8XJ
1014,JVWTEQXE
1015,K8XWW48J
1016,CDTK4U6D
1017,FQUMDXPH
1018,FAYJW009
1019,DR1008FN
1020,AWY2GDEC
1021,VGMFUTCX
1022,G44DN572
1023,XDEV61GY
1024,RXHFPCRT
1025,W8VY1R46
1026,PE1VWQ8P
1027,RNNY8DRK
1028,FNGW8CCU
1029,CD0DP1EP
1030,P2NNYJAR
1031,P69Q8CGK
1032,HP2EAH2F
1033,VTR60C4C
1034,GDTR94F9
1035,YX34MEK1
1036,X68DXAV1
1037,AT0FJ9FH
1038,PKX1U1JV
1039,YRWF02PU
1040,GJKC7787
1041,R7DE8UXN
1042,FF291QPU
1043,PCCHRWV6
1044,N45VECMG
1045,XP0YDPVG
1046,CJ7Y31VV
1047,CGHPAKYF
1048,WW1U6TN6
1049,V8VQ3D7K
1050,F7DQUM44
1051,HAFJU129
1052,JTU975DT
1053,QK9HMVKH
1054,P0GXRRDN
1055,KV7GCE0J
1056,TJ1E9M1E
1057,RAQP29NG
1058,JTY07RA9
1059,UVA10R4K
1060,E0P85MM3
1061,W100CC7K
1062,D2CG6KXG
1063,XA157NYW
1064,YH0CU8YF
1065,THNHMCE7
1066,EV16R3KV
1067,CM5T4TDD
1068,F1ETUK5Q
1069,Y459U59F
1070,EWEW40HX
1071,PF56DW5W
1072,UPQXXV79
1073,XNEP858T
1074,QUUGR541
1075,KPVNPMAK
1076,A0P2GFWA
1077,QNR6DFU3
1078,EDRY08D9
1079,X88YD1X9
1080,MHDV9URK
1081,A6QGNTW0
1082,KXDWM87Q
1083,KR4RTRHQ
1084,HE7GPCGT
1085,UVXK3X73
1086,GT5NT9AU
1087,X9RVP8Q1
1088,DPNEGFPD
1089,HWV4N4M8
1090,DRGD6PWG
1091,ETWM1UWY
1092,QXXWWC6K
1093,FD3NEK3D
1094,HVM14AVR
1095,YPFQJP15
1096,XVUF6MEX
1097,K2D4NR25
1098,R62Y158A
1099,VUDH2J3T
1100,YC5CFYCC
1101,E11DA14M
1102,GC0T028E
1103,CN7KHJJX
1104,RU484C3G
1105,FCP7THWX
1106,M3MY64TA
1107,XM1R8CPP
1108,AJRGR9WM
1109,GCYJ3V21
1110,FVDXQT8R
1111,TV92J5KX
1112,TTH0G1QY
1113,VNCF9KQH
1114,YVWTNHHF
1115,QU6EPHDC
1116,E3X281W1
1117,Y67UMVFC
1118,WQNYQV1F
1119,AJ9D4KGR
1120,D484WUQC
1121,CNCW416U
1122,PT3QKQ8Q
1123,EFHQQ71W
1124,HH91KHVH
1125,VNNYK9N5
1126,NCYX9HJ4
1127,A44DANV6
1128,V60J9319
1129,GR85VW2Q
1130,DP0E1M6C
1131,DJWX2WPH
1132,Q9A9VF48
1133,E3D2693E
1134,C9PJVVF4
1135,D9X93MU8
1136,D7UXVG82
1137,JQG82RCM
1138,TE8KA3AX
1139,MPJUUMRN
1140,MX7C21WQ
1141,PVUUR5M3
1142,QC0RYEE9
1143,J8X18R96
1144,EA3MKQRR
1145,RR33VJ47
1146,J1AC3V0D
1147,QYHX6KRQ
1148,PK9W8KN9
1149,E18XPJ22
1150,RPMFQGVY
1151,DV905DHC
1152,KDY5ME8F
1153,YVFKA86U
1154,FVG9QA74
1155,DKFGU4CE
1156,YM3T4D9W
1157,P9Q0VDWA
1158,M5M1CEC7
1159,D94J76K6
1160,MXP521JR
1161,YKFMXY19
1162,WTR5ERDQ
1163,PFCGE4XN
1164,V49CM31F
1165,A4EANVQ8
1166,NYXA4UXJ
1167,DN9WDRQ2
1168,XMKJYRE8
1169,D2N9KYRM
1170,RTM9JR7T
1171,KP45G75D
1172,RH31258J
1173,GMGP412V
1174,Y4N7C5U9
1175,KD5UXQ60
1176,RUJNRRHU
1177,RVKF3KAC
1178,MAG60GVF
1179,FQJU578F
1180,CD8P9TFF
1181,N3VGHRT2
1182,XWF7X9R6
1183,RPF6AX1T
1184,T9UGDYTR
1185,GV0K1JA6
1186,MDJN0HEH
1187,VP2TXF84
1188,UX5YW1UV
1189,KG33YRPR
1190,A8DV0RVC
1191,G9VTQ4FV
1192,FK0QA6C8
1193,FAXVD0N4
1194,KVACUGFA
1195,RPDQD275
1196,DKPJ5EA4
1197,D3MQTWC5
1198,VKDXGM4K
1199,G21EVNT5
1200,VA1QQ42G
1201,Q5RQK1W5
1202,DE0EPG00
1203,FVTGTEKQ
1204,WR55R7MY
1205,NUH024NG
1206,JHXF1C0D
1207,X73T3VYM
1208,P3NDC8YX
1209,RF3DFR68
1210,TFHXDRWJ
1211,YCNFN6CW
1212,VGJA3JEG
1213,XGQAC15D
1214,Y5F6DCRW
1215,UKD1DQQQ
1216,VP4D9HJP
1217,GXWKFD4X
1218,KRDYMP68
1219,HY6UV9R7
1220,G8F1G0D1
1221,Q729K5DM
1222,GMD2C4D8
1223,G4GXQ8HE
1224,U751VT51
1225,KRR7UFN1
1226,A1565V7A
1227,J60EEFEE
1228,C1W38MFK
1229,WVJMPKU6
1230,JQJM4GY5
1231,C2MFVJ3X
1232,RAYKXY94
1233,KCFGE3CM
1234,CKE5F4AQ
1235,AWNEPRV3
1236,QRUWEVPW
1237,C9XQRC09
1238,G9GU6C4C
1239,WWEQT8FP
1240,Q60FAJFW
1241,CY5GXM8E
1242,GJV1MU75
1243,MW97RJGE
1244,GMM9107K
1245,DUMFE8R6
1246,VMAXMCJ2
1247,YFNKDFAY
1248,UTF2DTJK
1249,DPR73E32
1250,QRPA1C3D
1251,EEM15W0R
1252,HE260AN0
1253,EDEFA9KA
1254,CKET7ATV
1255,K3WATYEU
1256,K7DUKMT5
1257,C8VDR7K7
1258,HJN0W51J
1259,RXR1DFTE
1260,WP6W7J3H
1261,KECP68QM
1262,V089DVA7
1263,HW7T2FP5
1264,DHAM6N3N
1265,X7K57JVF
1266,V53RH3HT
1267,AD0T4UQ4
1268,AK27NNX7
1269,H6XE36QV
1270,R67C1PET
1271,WNU63PYF
1272,G9CY0KUY
1273,PTFNDM3P
1274,NUQCCJJP
1275,A38N2VWQ
1276,QJFTAM3E
1277,K3QCMXWP
1278,D53KYU0F
1279,DFRF28J5
1280,EEM08CHK
1281,HQR16Y0M
1282,XK9YG9JA
1283,J9P1YK96
1284,X9FDC48N
1285,XPEAAKWW
1286,N3RY9U8Y
1287,F219Y4RF
1288,D6738V0C
1289,G4FJAXJR
1290,YRMJH5DK
1291,K01MCDYA
1292,JQAD7PTG
1293,N37ARPMJ
1294,U1902PGK
1295,MQGYGQHQ
1296,GPNE73RX
1297,KYKMHPAW
1298,Y5UHPEH7
1299,G30HD908
1300,VPH9JH56
1301,V1AC9WKX
1302,UWK79QJX
1303,JQ0XRA3Q
1304,KD294CK9
1305,U5AFPD11
1306,F1P2AF6E
1307,J6D4KRRV
1308,Y2G13H6T
1309,AP0JN22R
1310,XUE2EVAE
1311,NX6V1PWP
1312,GU8V7WH0
1313,MKQYNC1T
1314,XTN1QFPM
1315,Y8E355T4
1316,XG5CU3KM
1317,FHUQQ8P3
1318,U08AHWQ4
1319,WNP8GV13
1320,MVKDYJ22
1321,Q8VR8XTF
1322,MK6HPD31
1323,MA2N4PNW
1324,JH0YQUX1
1325,NT99TND8
1326,P9RR8UCG
1327,TW7D9FPV
1328,HYN8XHWX
1329,MAF94M7V
1330,EFE7TUP3
1331,TR1W1FE0
1332,JAR15CJF
1333,M818YC3V
1334,NUYNGQ8K
1335,P3YP5U5W
1336,KHPT26R6
1337,PUNFQE0M
1338,F7T5EV5R
1339,ERV6WJMQ
1340,X8XGK6AU
1341,UU07V2MA
1342,TM15MFNY
1343,T4NNJP88
1344,N6RPV5M5
1345,T1G7HVFD
1346,E491RR8H
1347,WJPN1H32
1348,D4EXWVQG
1349,VM0V3GHD
1350,GYX7XCA4
1351,X16X0UKA
1352,YAG6HR7Q
1353,KK965A0D
1354,NT244RHK
1355,N73A5T14
1356,TG6RFVYY
1357,N1R35EXD
1358,FVYHK9J4
1359,EYXURVM6
1360,F7RPFH20
1361,JK9CM6X2
1362,M7UHEDQW
1363,P41VK2YK
1364,CNA0K1M1
1365,AWJFC5TU
1366,WC7E1EHQ
1367,R874GPCE
1368,X6RGFUGJ
1369,JR644EFD
1370,FN8VEVM5
1371,X9EKN6CR
1372,RD8VM1K0
1373,EVJ3Y5E8
1374,N62734D9
1375,RGUA2H6X
1376,V046A6VH
1377,AMR9V6M8
1378,RFHCFF5G
1379,HPRVM3R4
1380,YGP5E8GN
1381,V554T58R
1382,EYHDAPDC
1383,VF9V19A3
1384,HQ3KATMW
1385,E4CE06XG
1386,A0Q2D84H
1387,R2EU3CG6
1388,PYKUN7QR
1389,D7G26AFQ
1390,MQUCNYWJ
1391,PYE9N74V
1392,CP65X8FN
1393,VG807T0A
1394,FCU10X6N
1395,GWKM6JK3
1396,X8FHRANE
1397,T14MCW5E
1398,D8XVKEAN
1399,QJVNTH70
1400,QRYM6J47
1401,E5JHD0DH
1402,YANV9DD6
1403,F1VYWYTQ
1404,TN0Q2F3E
1405,K004AQNX
1406,RW0X4C99
1407,NN2Y06NQ
1408,VFNJN8WT
1409,YP2KDKJ9
1410,YP2GW4VF
1411,FW986RW9
1412,QGYV7KKK
1413,GDCQ6AUF
1414,X83YCMAW
1415,QWVK4PH5
1416,D7W58HFV
1417,YTTATDGC
1418,FQVA2AEV
1419,YKXAT1AN
1420,P051KK92
1421,ECPU3CW5
1422,DEYAP6CG
1423,R8GEWRH1
1424,KRA8WETX
1425,R4N5CMUX
1426,MJ1FG500
1427,R6GNNA4G
1428,JM3QVU3A
1429,UX2RJ8GG
1430,N0826GTD
1431,K2572J5M
1432,E7JX87Q7
1433,JD8VFVGR
1434,ARCRTE1Y
1435,FNMP4DE5
1436,PJXA5D3X
1437,U8H6JUQN
1438,TGP3P0FT
1439,VNU1J7DD
1440,ANEWRKE3
1441,WAF89Y4U
1442,VEHATGJJ
1443,E3QDEQ5A
1444,P2Y3G93C
1445,TT4EH8N5
1446,VDGAAAHE
1447,W145P5NK
1448,H2MWTE8A
1449,FGT4HQUJ
1450,RGM08QWN
1451,K267NQ01
1452,EDJHJ665
1453,C4R5MP01
1454,DG3GHCJ7
1455,V1E1NVXX
1456,P29U6WM3
1457,F0DXPEP9
1458,TR9URDJA
1459,WP7XGMYF
1460,PMKRYTFD
1461,U59D8QJY
1462,J1EYP2EJ
1463,W3HTV55F
1464,VAV5856M
1465,KH6M6NQ8
1466,UT6C7Y7G
1467,MG0K31KF
1468,WXRGPM9W
1469,YXN229RF
1470,HF40QTTV
1471,QVDAH4YM
1472,XV3N8KAE
1473,VNW2UU5J
1474,MR1U65JR
1475,C1Q7E272
1476,DC8DDF23
1477,A0H9TN67
1478,A60JFEJP
1479,G593U7MJ
1480,QRV9V0R9
1481,GPTHCVKF
1482,GC1C8TXU
1483,YUE4241Y
1484,UGD9X84Y
1485,P53C53KG
1486,Q6KR1T0M
1487,KAKDYKE8
1488,M78E5P4K
1489,PNTP66AU
1490,P6P3M857
1491,FC32A68N
1492,MKKHUNJ5
1493,NPK6PAU6
1494,HY666M79
1495,ND198NQ0
1496,CV07988C
1497,G68WW1WV
1498,ND0F9P3F
1499,VU6CAW2Y
1500,RGD7UPT3
1501,XEMXX35M
1502,CKV2MEF1
1503,U0CER0XN
1504,CRECECXR
1505,H8DNXAEP
1506,A61M9AHK
1507,DR76XGKW
1508,KWAV2994
1509,QHJ06M95
1510,P7EEH37Y
1511,JT27HDPG
1512,VXNRD1F4
1513,KQCNDADD
1514,V3NQ0QN7
1515,DCY5QGF2
1516,GEFJ0YMH
1517,TYQ8ACYN
1518,WNTY6UYY
1519,XXW965U5
1520,JM779K3P
1521,U68NF5GR
1522,UX9HP3W2
1523,C17J0278
1524,G7VJ2NMU
1525,JC83F5F9
1526,D16CTUY2
1527,NEP91996
1528,WRR7DNHC
1529,HHHR3692
1530,DMH1XVNC
1531,FJK8KXWX
1532,P171KHTT
1533,KDE72MP2
1534,P89X168V
1535,G4A4EA12
1536,NVM6QFW5
1537,FTGPQ3R4
1538,TNH3XWT4
1539,XFY0CF81
1540,PVMV2Y8Y
1541,UWN6E0J2
1542,KWJUF9Y5
1543,RCHHGXVA
1544,XMXM3EEC
1545,DD4G21NG
1546,GU9T4HX4
1547,C4XHK49P
1548,KKHR16KW
1549,XD7YPJWK
1550,P6UQAY9U
1551,YP9DGTW7
1552,YUF955AT
1553,KU9PEGEN
1554,H2NFHFUP
1555,H079F5YP
1556,A1J2UH96
1557,XDFJ48HT
1558,J0NFMN1V
1559,QP9NF8HW
1560,RA4NEWXG
1561,P50WD4NJ
1562,CMMXPGRQ
1563,PPAF40GH
1564,E683G7NP
1565,N4TJDQ1H
1566,Q57KRV8E
1567,NU54KRNA
1568,RT91Q6TK
1569,G35RXCTP
1570,HDF204YA
1571,PW8AFQR9
1572,E9AXWP0J
1573,UDFER61A
1574,CQ1E50U8
1575,G64RY69F
1576,W4H9363X
1577,DUYFWYQ2
1578,HWVQ31WR
1579,M4P41HWF
1580,ME4DCCPQ
1581,G2XJF63T
1582,J6GKX4H7
1583,QCVK37Y4
1584,HXWRJWP5
1585,M9XKK0GE
1586,PJ70Q1Y9
1587,FEUT2C3R
1588,VG6VFT33
1589,QJEH9E9T
1590,E57F4J8K
1591,UDK3NV94
1592,WAVHVT5Q
1593,Y4CQ85GA
1594,YY2C2KKR
1595,N85D4JQG
1596,FVXEK6U8
1597,X49C7XGV
1598,QC3J5J35
1599,T00W23NQ
1600,MAP19191
1601,MQJDMM8R
1602,NEW8UDP7
1603,V3CHNR13
1604,CWV8WE4F
1605,WGNJFEA0
1606,AT28NF2K
1607,XYK03X1E
1608,RNG1QWX2
1609,PKC7EED8
1610,TW5NMJT0
1611,PJWT7696
1612,P3T9AKGX
1613,V7VD7R4W
1614,E86YWFW1
1615,GAA64127
1616,ETYUTX9Y
1617,KVMVXM4F
1618,C8U5UF90
1619,QC1DEJKE
1620,K52WRUM8
1621,KPWGN06R
1622,K0WVPY3H
1623,DVGPMTF5
1624,AYH68QH7
1625,J2RJ7Y5R
1626,HVQMD47X
1627,GWXG8C75
1628,HQYV7URH
1629,NVFPHNGP
1630,DRWCX80F
1631,TK2PKUDE
1632,JPKJN7YC
1633,M0JD627A
1634,FU68E2M9
1635,R2CY7MPT
1636,GG4N3FJ5
1637,E8XJKQYT
1638,XM6CWAAP
1639,XJPDF82T
1640,TTHP52XM
1641,XCD4YT42
1642,KM1TJPC0
1643,QGQP5D1H
1644,MQDFWHQM
1645,YJY8TNFC
1646,AGU3QG8F
1647,UYJPN5AQ
1648,CQ3F5MN2
1649,ECG2W6T2
1650,QPAGMGT0
1651,MWW275DG
1652,K92JY8RM
1653,K8ED4QH4
1654,JFQGKCUA
1655,JVVEE741
1656,VH33NJKQ
1657,UAU7TRNM
1658,PRY8U6WE
1659,AT3K4G23
1660,CJUE3X5Y
1661,MN0YU4N3
1662,CVRQXCTV
1663,YNU2TCDX
1664,T9FU5GDN
1665,GAVMW5R5
1666,JFJX4NVA
1667,MXQY244T
1668,M6754V71
1669,NNGMPH3Q
1670,XYJDF4Y8
1671,HEAWGDJ5
1672,F8KG2EQ7
1673,WJ4EGWYH
1674,RFTQQNV7
1675,A960D8JC
1676,QVWKN1WX
1677,VMDFG5G0
1678,VRW1X6FQ
1679,WTJEF5RT
1680,JR4NP74Y
1681,CMMV6041
1682,GYN1WTN8
1683,FQHK0CKK
1684,E960E0KK
1685,RDFX947Q
1686,GF4TDRKW
1687,MGX4KG13
1688,AY1E8E30
1689,DXE74R17
1690,C3VM6M6J
1691,JNFJ64U2
1692,D0MVXRJA
1693,ERQATNRH
1694,TV0G76MH
1695,XEUP2VM9
1696,R0R6NWNK
1697,HX9VW1DX
1698,EH2872AF
1699,T5UVVPWT
1700,F146TQ3U
1701,YT322J2V
1702,G7Y72RTK
1703,AP6H15WT
1704,X6HA5FPK
1705,YC27P771
1706,RU36YDH9
1707,GKH02228
1708,CVVDRT91
1709,R9N8V92F
1710,E6796TAT
1711,QPCHYTR2
1712,XKQC4UCC
1713,HRYEVTKP
1714,A3N4X5U3
1715,AHRENPCY
1716,C1DN5W4A
1717,X66GA0PM
1718,P552HY03
1719,GE23TCTA
1720,XJTYGTYF
1721,RQYY14YV
1722,J87G6VCT
1723,JVHVD9PF
1724,W46ND85M
1725,R7FV48VR
1726,Q1F0DNQP
1727,D3HV4QGC
1728,N5XC4GRA
1729,P8FCXWJD
1730,H7R69C65
1731,D0M7AQKX
1732,KJF256U3
1733,W5FPQ357
1734,NERUDVE2
1735,X63YYFT6
1736,GGHM1F8G
1737,JGF1H22E
1738,A03PCKRE
1739,A421TQTD
1740,AP7URVD2
1741,D7XYXMJJ
1742,QNCA71VV
1743,CRYKFYEQ
1744,JTM5K2YQ
1745,Q3WQE3RU
1746,KR1N3N9C
1747,VVTA3UFH
1748,C6XF6182
1749,H7EHHWEK
1750,CDCXKTTH
1751,YFT14QMD
1752,T049NG01
1753,Q1YGT6Q0
1754,Y1VXPV1Y
1755,A1JCWXT5
1756,NV7VMQ2W
1757,T8TX5TQY
1758,RN86Y3XA
1759,UE3VN502
1760,DG5NKKE6
1761,Y7EFH9JX
1762,JU5AF7N9
1763,CU55J3YX
1764,WD1MCQH0
1765,NTX84NKJ
1766,FFGPTNK3
1767,RRRR5VY7
1768,U5WEWJTD
1769,HKYMH65V
1770,UT1ANUW9
1771,TJF40FUJ
1772,FTEGQ7GE
1773,CXU8GWG1
1774,DT6X61F1
1775,TWX8G5GJ
1776,H2E2PTN8
1777,D3M6JDC4
1778,KUNMT0Q2
1779,EJXUM06G
1780,JE251547
1781,N6H4UVP1
1782,MK16DY4U
1783,TC2RA8XA
1784,E7905NMU
1785,PU3FK730
1786,GFFEC024
1787,GYD6C55K
1788,W588AVWU
1789,YQY6A5FN
1790,FY0P277A
1791,DUPUYNCG
1792,X2P475TH
1793,MT7REYV2
1794,ENAG7QJD
1795,MEDGUWU7
1796,YJTJA1KM
1797,FJ645YKK
1798,KXWHU446
1799,VWCCV90Y
1800,D8YEFR05
1801,YK6K6TPV
1802,G92P8U1W
1803,W7YUH0W2
1804,K7FVF1P6
1805,FNHRYNHK
1806,ERQER1PM
1807,WCFYM0W4
1808,E1280V27
1809,H2T8CC2D
1810,T7DWY4UE
1811,JN59RMN2
1812,RYYTWU2R
1813,FRK7HJP2
1814,HP3606NF
1815,CHD0UJ94
1816,QKF91WFX
1817,GQRG5KVC
1818,K65Q6UDX
1819,RNCNUH9K
1820,M39NMF09
1821,QGYUXY9X
1822,YMVPNPY3
1823,WHA169AM
1824,DVKRUYHM
1825,ED9DT793
1826,YA9JEQ8Q
1827,CAK5HMT5
1828,Y4015XM3
1829,JV003U5Y
1830,D6FR4WHR
1831,GQ5K0942
1832,QMXQHMEC
1833,DJTWA3AT
1834,HNVUM4UK
1835,Q40KJDQ9
1836,NPC98F04
1837,CEYCTMVK
1838,MKKG74TH
1839,RY56V642
1840,WJKKW6A8
1841,NJM55Q4P
1842,A3JR2DU2
1843,C258YNC1
1844,A9PU0AGP
1845,VHG8NV1Y
1846,WA0HQNKV
1847,THEATMV6
1848,VQ6N8JXA
1849,TGX3MEN8
1850,NWJ2W2UR
1851,EYC049KN
1852,CV8DKGD0
1853,UP1VR3U5
1854,A0GHMK7X
1855,G6EQDYFH
1856,CAY6FUYV
1857,R3076KV9
1858,NG5565AV
1859,E6XA1KXY
1860,CWDK1FD5
1861,P12QPG8H
1862,RYD5K32R
1863,DWJC7R1Q
1864,WX5T8NV3
1865,E4AM401J
1866,MGE3MKK9
1867,AJJV3DKW
1868,QMME4683
1869,RQPG4TM7
1870,R6E7G8K0
1871,FYM9QXA3
1872,TTXMQFTA
1873,VCX1T674
1874,UAKC39CP
1875,J01KYQ99
1876,C9DKDTM9
1877,JUAQ02W7
1878,U9FT6EDT
1879,WQT0KHPX
1880,E1UQE4P7
1881,AUJ8127T
1882,KGE6Q79J
1883,PK3923A6
1884,KM9M6F98
1885,M8PEPNP7
1886,AM83RG6D
1887,E1NPGHF2
1888,C05NKUE4
1889,NVC4JJTM
1890,QDT8C0GU
1891,P31R6YTM
1892,PQXA5U4V
1893,DD1CFYWD
1894,TH8UDEMA
1895,TPADJ5DM
1896,MGUMWRX0
1897,A6C1REFY
1898,YQU0Q52H
1899,J3KY25H8
1900,J4PUAFKT
1901,E7X3VMWC
1902,J9QT5MED
1903,J99CEHNF
1904,AQ8C102J
1905,Y2VRV4N6
1906,VN2CNN7K
1907,YM6QKHFG
1908,TXMN1DQK
1909,C642GK98
1910,E6V1UK2A
1911,JMA6RVC7
1912,YW6MD3D0
1913,N4XQGCFF
1914,YAETJ4N1
1915,PE8T3YXA
1916,M443X9F9
1917,J31VA0X6
1918,CEJ3RFW3
1919,JPMPCND6
1920,CF4HP1E7
1921,YXFCRKV1
1922,K49XR95D
1923,JJ40J5N1
1924,C9RAWU5R
1925,QW245DDE
1926,Q0M0JJ0K
1927,X0MK1RJU
1928,GEQGQM0Y
1929,GX12HMHX
1930,JK8QY6NN
1931,JFGCR97X
1932,UM66GGWM
1933,WPQ0XYK7
1934,NG3ER7HA
1935,X2HGDVXD
1936,WG0TAFJ9
1937,CPRE3UQX
1938,CT1U44CQ
1939,CMX8GMFY
1940,PV87N2KD
1941,TPAD3RH1
1942,A5NYMRGA
1943,VU6UJ739
1944,GNPPRXCE
1945,GQ50DXG6
1946,NF3KFD3Q
1947,FMW15JQ4
1948,CHCXECVY
1949,GEYKM7VQ
1950,U9NYQA5P
1951,JV53EVU9
1952,WKM3W0H8
1953,K8U6593P
1954,EETRUAKP
1955,NPNX76J3
1956,FVVC0DDT
1957,AX165W5J
1958,T5CT80NM
1959,Q1KDWTUQ
1960,X643MVXT
1961,EAYKW5K0
1962,HNQYAK6N
1963,F09QD88E
1964,H1N41W63
1965,N31HWYQR
1966,TQUQPNEA
1967,XVHF3P20
1968,CRFRJP62
1969,JX8TUEVK
1970,VDVA1NXA
1971,DXNKYK1T
1972,C67RTEHK
1973,V4YGHQX2
1974,QH897AGG
1975,DPYQJE81
1976,EXARXE45
1977,UA12CHMA
1978,VPWWR8C4
1979,GTEUUH6V
1980,DYNE3HPK
1981,U2RXP24P
1982,M30GRVPK
1983,X1KCR3V4
1984,ADJ3TN8V
1985,YR8XDRDV
1986,R6XVV9VM
1987,FU34G1P5
1988,P6U75MW0
1989,C05WPA2F
1990,F4JE3URX
1991,X11TP7AJ
1992,D80MP8DN
1993,G4VFYVH5
1994,CCMF6MMT
1995,KRJ9WC19
1996,AUNE6NCQ
1997,QN31QU70
1998,F1NQ1QWP
1999,HW8UUUJ7
2000,YATC59H5
2001,E29UGJDF
2002,PXGAN2YA
2003,NWKF07RE
2004,XCVKYQK2
2005,NY6A12T0
2006,A7EK9HN3
2007,EXAFXKYM
2008,W7KFH72J
2009,THWV661H
2010,QF13057X
2011,AKMF3WPJ
2012,WA1JQ353
2013,YWGTK2KF
2014,QPVQ4PD0
2015,EQW3RF8P
2016,K09DWKFN
2017,QK05HAUH
2018,HRPA359T
2019,GHCDWEJ0
2020,N0ATAPEE
2021,EHA1GU9A
2022,HC6AN22K
2023,E9VCY7GM
2024,NUEGP555
2025,NE627DDR
2026,KNG81N3U
2027,D7F9FVV1
2028,AUH9R8GE
2029,Q23XAWAR
2030,Q5J3WTD6
2031,X9QY6UF6
2032,R605F4P8
2033,JNR0W713
2034,UGVM167T
2035,N7H3QWC2
2036,A9U6C987
2037,XYHD53DQ
2038,APR3V1E8
2039,XGJVEHER
2040,UQR8FK3F
2041,T45PFH59
2042,VYQK36A9
2043,AFMQ7EGE
2044,KY8XW1XA
2045,PVP6EEV5
2046,KFRQEGJ8
2047,XMQC701J
2048,HDNAM58N
2049,F7V5GVCQ
2050,G5M0U76T
2051,CRFKAEM1
2052,P1R26W4N
2053,A3V9DR0A
2054,RA1T1J55
2055,W8WQXGJ7
2056,XYANDVND
2057,R83EFFWT
2058,DRR0A4KR
2059,WG86M21K
2060,Y9NFEGKT
2061,WR675N1E
2062,T6PX20C6
2063,DW4YNU34
2064,HVDUF82F
2065,ED9GQ8WE
2066,VMU8GEQ1
2067,D81PEUGW
2068,VQEAC63T
2069,VTKQUNTA
2070,AY6DPHX3
2071,TW9XPF6N
2072,ATR7AA22
2073,PXR0N0TD
2074,AJP88WEU
2075,J2WVTKX1
2076,YYUCJNMD
2077,FKDEC9WW
2078,U11NMP57
2079,G48T2G3N
2080,E7G8R3RJ
2081,RQ9E3KAY
2082,Y48KFGXT
2083,C3MWHQ1E
2084,JKXT690U
2085,W4FWMQV4
2086,NHKRTG71
2087,W0MC6Q49
2088,TK200782
2089,KJUYNRAW
2090,X61D4PK3
2091,MYQ7T7YH
2092,NX8KY6UP
2093,G20QWJRA
2094,FEVE9UME
2095,H5GRY217
2096,R2PNA9CP
2097,F2CVHM2X
2098,KJC5R56C
2099,EVAH9GP6
2100,V98PKN0W
2101,MNARC7VW
2102,Q3UDYAVR
2103,Q6E009VX
2104,PPW65GWP
2105,TUPKDC2R
2106,PJP2EYFD
2107,GGH12CC1
2108,D3397CNY
2109,RDFKTN71
2110,JHYE1XXH
2111,N3TF43YY
2112,KWNTGUER
2113,TE0MDHX4
2114,R8XCH2R7
2115,TEYMN049
2116,CH901925
2117,MCF90EH6
2118,HEFRHD8A
2119,C9KQ0A3U
2120,M2A7KK04
2121,XQNQKPGW
2122,N75PYNKE
2123,VXDR3EM2
2124,NWYVAFQX
2125,F9FUU1DK
2126,KPGCDAN8
2127,KP2JQ2YR
2128,X6KG3723
2129,THDN0N15
2130,UTDR3HNC
2131,RDRYNTC7
2132,TG45786V
2133,XJKX4KCQ
2134,MHV8DNN0
2135,D018PHJT
2136,EEDGHCPK
2137,AQW4GUQV
2138,ARHAD7V7
2139,KN65KRW6
2140,WNG75MG3
2141,JWHY5T8W
2142,EH1J2EUC
2143,X09094RG
2144,A9KT5HKK
2145,U5DE7MMP
2146,PWNP6YC7
2147,WU8J9877
2148,ME3F7E02
2149,UPJA2HK4
2150,TQN4HFFK
2151,XPH8H5P4
2152,UFAKDJT9
2153,AAJ5X19Y
2154,G8TC25WJ
2155,REKUCEYV
2156,QR5YQF8F
2157,NR9PAPWN
2158,KFW2H6FR
2159,A116TJ06
2160,V5U7RKUU
2161,HYRTWTDW
2162,FFAMPJQ3
2163,CE9HR2J5
2164,TMVQP0W5
2165,Q8QNCNA4
2166,E7TNM981
2167,NV6H13EA
2168,W7F1CV7D
2169,CDKJGE6V
2170,N927NNQ2
2171,H9JGP0R4
2172,K3T4E552
2173,V00E00TR
2174,DE7GHT4Y
2175,PRWNQKXJ
2176,KDRV1H42
2177,PAEAXDK5
2178,MVCM84P9
2179,G3TNAEGG
2180,EXM7MDTP
2181,E5F7J8GP
2182,HK7AXNU0
2183,PY3FT8Q4
2184,GJAMECE3
2185,VC73H74J
2186,RNA0QNPV
2187,R7UK7M0V
2188,AX0NNQDG
2189,WE62Q0V5
2190,DUQ3XFF2
2191,D9JN8F5Y
2192,XYTQ5APN
2193,K96C7P91
2194,M67R97R3
2195,C0AJ7V1A
2196,G0ERAJG1
2197,DX9EQ5XX
2198,K7VV1301
2199,H09NQG0P
2200,D51V228Q
2201,FX319U2W
2202,E28VUK5F
2203,M9MQHJK4
2204,FHN6YD7K
2205,N4GJE49C
2206,N9T8XYT2
2207,H2G7WFUV
2208,V356QEH1
2209,UU2MGP5D
2210,EQA2TDN5
2211,E42UYXAR
2212,W6F7H8E8
2213,KF27KHG9
2214,NN7FNKM5
2215,YWGG8120
2216,X9G8TFQ9
2217,N4882QXM
2218,MQ9YH9T9
2219,CH5NH8X4
2220,RP93K1GK
2221,JJE1RP6H
2222,TXW26EV0
2223,PFH0QW4U
2224,CY6F7Y7M
2225,N7UVMHF2
2226,CD85GDKM
2227,HYHRAEV9
2228,KDHJHN2U
2229,GP8R03CD
2230,YQJJNDG0
2231,FHCDK6TR
2232,F6VTFDDV
2233,KWJ93XFD
2234,PR5TR703
2235,C37R0FMR
2236,YDQ73AKX
2237,AC031TD4
2238,WT9K9UD0
2239,PTPX7K5J
2240,XQ6QM77T
2241,U46DN2M0
2242,TH7J40AW
2243,HRKMKQQ8
2244,YPGF34NK
2245,Y6QTXDPW
2246,MJ4YR5D8
2247,RJG6WMVH
2248,VDVWWQ0Y
2249,XXJQT1J6
2250,FGN8E6RY
2251,EX05HGFW
2252,EKXP26FY
2253,GYDJNW42
2254,PEAH4A48
2255,K4E01C2V
2256,EDMJ4725
2257,P8MA8EC7
2258,EEMMDC2U
2259,XFYR9FJU
2260,JJ4T45M8
2261,TV85N48Q
2262,MG8EN9JJ
2263,QUWG75PR
2264,Q6VX8F2F
2265,D37CVNQF
2266,UECU8QJM
2267,NHW8TGN9
2268,H67GM455
2269,G549FKGW
2270,KT57URMA
2271,JGGV65K5
2272,QHTR2REA
2273,Y9PWC1DG
2274,GP0Y55KR
2275,QHTW2MD6
2276,AT84X7F8
2277,RW8J0NHJ
2278,XPDH4A91
2279,H3482WEF
2280,W3F9RC29
2281,PNTNCQHF
2282,A255FJCP
2283,XTWUUC4E
2284,FMWM27CJ
2285,CW22G6UA
2286,JXMD85X3
2287,NWUX3TUM
2288,D722F9FN
2289,JFU1W1WW
2290,NNYFA191
2291,GD0J1JVK
2292,MHY09M70
2293,AY150NKP
2294,PTM2XUP8
2295,P643C23J
2296,M89CYEVA
2297,NWNE6VFW
2298,QGFXUGJC
2299,N058F003
2300,MVRU93G8
2301,KPK1C2R4
2302,WP1CMW7C
2303,CKK2FT96
2304,DC781YVY
2305,AQPTTGQC
2306,Y0GYFN5K
2307,DR0VN395
2308,U0RW2RJP
2309,UPC19NTG
2310,DU1K8UG5
2311,FEKM0TUF
2312,NK7U1YA0
2313,W4K01ERM
2314,CG4337C6
2315,KM0D900C
2316,DYDMKG3D
2317,WXAWC904
2318,VJH46KFP
2319,GTDH8XMT
2320,EDV4DUK7
2321,AU02AQEV
2322,R91M8RMK
2323,HYGGQUGG
2324,VPJC1FVM
2325,T61UXVJC
2326,ATKE3578
2327,CY0DKQNX
2328,TKYKAMXR
2329,QD65NH62
2330,W5CM6Y2M
2331,C6C73TV0
2332,RXWCM9RE
2333,HTKTACJH
2334,JU4U582P
2335,DEJNYQ9U
2336,GQFQ5X4U
2337,D6QYJ3P0
2338,CU86U2RN
2339,GGJYD8AK
2340,MAGVJWUW
2341,ND1U47XF
2342,YN6N6TV9
2343,FR7Y3XER
2344,TK5CYAN4
2345,UXMYQHEQ
2346,KWR8828Q
2347,DQ8AU6MD
2348,RVC3Y0K5
2349,VU2AN3W5
2350,GPQKJPWP
2351,U1GDG3AW
2352,DKTM903G
2353,WVPVD8MM
2354,AD8QNYNR
2355,T1Q97Y8E
2356,Q9AMH5M0
2357,E852RNWR
2358,KVQVEM8E
2359,KQ6CUV2K
2360,A5WNRKRC
2361,R6E88CEA
2362,UDM1TA8V
2363,FRTMV621
2364,FT2M7KW3
2365,YXGCV6RQ
2366,U6YJ780U
2367,PX55C3JN
2368,G0RN347T
2369,D17D20W9
2370,C6600TQA
2371,E9C9066U
2372,AH8FP99U
2373,HD8KUWE7
2374,K7NUP7VE
2375,NVRG1PHE
2376,NEDE6K1T
2377,RJJC345K
2378,WD58R1KC
2379,G2F083VH
2380,CE53D8R6
2381,UA6EFH8C
2382,FXV6K0XJ
2383,X63E089D
2384,GJJ2UREP
2385,CTAKRRQT
2386,J3KT02AX
2387,AH97QW2U
2388,FYEXCYDQ
2389,CYC76AER
2390,R08HRPE5
2391,NGQW4C4G
2392,RP5MW5PF
2393,E1CK3QCC
2394,QDH0HG2D
2395,Y61W7DUV
2396,EQ91X675
2397,QMF2TWCD
2398,K3DDCJEY
2399,XEFNGQP5
2400,WNHRYGKN
2401,AWXJ5E75
2402,YQ21C29N
2403,CAQAA45T
2404,TN1Y0G75
2405,XKGAPGJ8
2406,AQJNQ1R8
2407,RF83RPF3
2408,EK6NDGYW
2409,ANKJHNWR
2410,UHD3TFW0
2411,W44Q414D
2412,X7QVXGPJ
2413,EDC7MCF5
2414,RX35K97T
2415,VVM6P17K
2416,QYYVRU2F
2417,FUWA8115
2418,M3YHTMGQ
2419,HQTKNJX3
2420,EH6KAX33
2421,NPQC296E
2422,R364XTAQ
2423,FKQH5J4D
2424,EC60C874
2425,DT05QQVN
2426,EDCQ3H1V
2427,Q7TXTUY5
2428,Y43TE229
2429,W894VHYH
2430,VU7HANEN
2431,GX0MKWQR
2432,U3TTA38T
2433,KQ1WAATX
2434,XVX40AJQ
2435,EJHN7XQR
2436,T2UDY80U
2437,EV6TQXQU
2438,E809TG82
2439,YE5UNCFF
2440,HCNDJXAT
2441,YCPJVKM7
2442,QC9YGC14
2443,K5P8MMXM
2444,C1D9UA3J
2445,K9G7XXQF
2446,K5H2MHFP
2447,QV2MRN3W
2448,NMHFWHFG
2449,XFWQJCGD
2450,VTGG4W6G
2451,C55P3N8V
2452,WNVFYHXW
2453,THGA02YA
2454,U1GYY7HE
2455,A341583D
2456,X9AV5U17
2457,E9A0NRKU
2458,HM5GQM0F
2459,VHD8X6AM
2460,Y3GHPWFQ
2461,C70DGW34
2462,MR359NMG
2463,HKA27D9R
2464,H3K7W5WK
2465,K5DXQWPX
2466,RVMXFF7C
2467,Q5GE6T0W
2468,UPPMQ03A
2469,A8CKXK8A
2470,MPJTUVMP
2471,J8YHM4XQ
2472,HMMUPMAH
2473,AC76PK2N
2474,AGRE2Y88
2475,Q3AK7921
2476,Y1NCJVQ8
2477,AQYN2E2C
2478,XEKDT1D8
2479,N2DGX3H5
2480,GFMAQ8M7
2481,RYNDK5AG
2482,YNN7GXME
2483,PN9AE4DC
2484,UWG3XFJA
2485,YV6ADNW8
2486,WGYX8D9P
2487,X2HA45HD
2488,W77CTMGV
2489,GHP33Y89
2490,AATP3XM0
2491,EU3W046M
2492,TXE99QP2
2493,NQ2XTNDK
2494,GCXRD6PP
2495,PN4WMN30
2496,P4NMG6VQ
2497,J8DCNQCA
2498,W1CM97ED
2499,GX6TNAHC
2500,FFTHVC87
2501,A6P0RKD5
2502,CP1P7F5M
2503,UYYD32NE
2504,QGM53QNK
2505,GCVVJDJ3
2506,W1WAUYXE
2507,CJYA9WT0
2508,Q8P4J1DQ
2509,CPHEGNV0
2510,RR6UE5E7
2511,TQ4FJV80
2512,NP3EEQW0
2513,RPC9FGCH
2514,TCUFX1EQ
2515,P1AHXTQQ
2516,JXQ91HUY
2517,PCNHTN8V
2518,MCWNU0N9
2519,PT6CFR6C
2520,JA9NHN8U
2521,TAR54NUG
2522,U161WPJY
2523,R89N1CJM
2524,NF3AGAD4
2525,YKQ11X4F
2526,UN1G5657
2527,QU4633J5
2528,FRPKVQ15
2529,H39937Y9
2530,WYPJR5FF
2531,WRCEKGRC
2532,P51EDEPG
2533,WPM5RVCM
2534,G7CUGETG
2535,X54WERNF
2536,FPJM9P05
2537,G1D7V8T4
2538,KN9DQ81E
2539,E0C8ENTP
2540,Q5J0NW4U
2541,M86YE4XC
2542,K59TTRVJ
2543,V44MK8KF
2544,P3DE8D0M
2545,G9RKYDJ2
2546,UDTA79JU
2547,ETVR8C4Y
2548,UHCJUCYY
2549,TW9TH8F1
2550,TV6UKV3G
2551,CCREV0DR
2552,W7V810UQ
2553,NEM6GDFC
2554,E38HFM4P
2555,JFQX6AEP
2556,TV2RJGFK
2557,KH6WJYW9
2558,KC9PEHVR
2559,HNNQ4A6D
2560,JT9H476M
2561,KYRENF6M
2562,G80UC7TV
2563,M1XVT3D4
2564,V9K36K7A
2565,MGJ1Q3Q1
2566,JEY2XG8R
2567,EHV3G9X7
2568,KVDVRN97
2569,AKV87PFK
2570,DDTUF69W
2571,F26Y2FYC
2572,CT30A7XR
2573,WMM1U7U4
2574,QN9R7157
2575,RKRN1FYT
2576,E6KVFF91
2577,KNGH80J8
2578,YEA6E5P1
2579,M29PTA2M
2580,FUQ372W5
2581,J2JXWC9A
2582,EH2PJMK1
2583,WAF34UX1
2584,D1NPMXDT
2585,HD5NKXE0
2586,C4TARJNF
2587,T6X1AAME
2588,C47CDPY1
2589,QGH19P71
2590,DXMHA36C
2591,WKGEE266
2592,W28CN3M4
2593,GXF8MGDQ
2594,AG8GPQRD
2595,JH0028J3
2596,NAGTEDGY
2597,QJTH3E4X
2598,T7K97RPA
2599,YFT6Y7NH
2600,PK4R76XQ
2601,G7Q15FA2
2602,UDWPUJUM
2603,GH8JAXPG
2604,R5MTGUCQ
2605,W6VC4YJ6
2606,PEY9UHEU
2607,D83456PU
2608,NKQFFFW8
2609,T6E3GKW0
2610,C60D6C04
2611,KKF4E4VG
2612,XGPEFJEJ
2613,T38365VH
2614,W4DMF3YE
2615,HAU8EE50
2616,G66KPT5E
2617,AC7P461U
2618,QT3PEJ2C
2619,GNK70UTH
2620,PMQV2DVN
2621,UKMQDE81
2622,K1NG3DTD
2623,E1D00Q7K
2624,WUFCHA8P
2625,R48MU74P
2626,JWCVQ0N5
2627,CGWTNRQQ
2628,CG60GX9A
2629,HGQAGMD2
2630,KTP377VT
2631,FRW4HRA1
2632,MHF8C7D1
2633,JYKUR9NX
2634,HE3N5MYE
2635,U1APEM7T
2636,AVT8JC29
2637,UN4E81WE
2638,E9NV58Q9
2639,AE2ACF9X
2640,UNYM0M83
2641,MAHXPGH1
2642,D9TF75V7
2643,RM42MGX8
2644,T7F6GP4E
2645,EHWEPQM4
2646,JQX2CTTW
2647,JCNM16HW
2648,FVK2QNU6
2649,Y81NE8MJ
2650,M398UU4X
2651,QCMK2T3D
2652,V2TY0D1E
2653,HR5DYA36
2654,N5V1M6VM
2655,QQ5MA3HY
2656,RGRJGUMT
2657,ANQ72ECN
2658,DC2FPDJE
2659,RAX4C2VT
2660,MP8G2GER
2661,FXFEWND3
2662,DYDMP6FR
2663,TDPUF89G
2664,DG657KF9
2665,D97M0VW3
2666,K6TGPYA7
2667,PRTJ4MRX
2668,GGKJA1P2
2669,VMYJR3XC
2670,K78WUTDR
2671,NDFPY8CJ
2672,D9H5TYRU
2673,MGY4D0X2
2674,CHN6ECTN
2675,UD98HNFP
2676,A0EUQW23
2677,T2KT3GJN
2678,FAJNYH4F
2679,AQ65YNQF
2680,NRXMEQ5N
2681,A8ENF4RN
2682,EA8X5YWM
2683,Y5YP2TU8
2684,DW7VXU6A
2685,PD9DEGHX
2686,C4HPTG63
2687,HP3XXP4N
2688,N7149ETN
2689,DMV3NCK8
2690,FT6GMC7F
2691,X6QTGWM3
2692,HXT0MA7X
2693,A4A9GDQ2
2694,RGA7PE4P
2695,D692FMGW
2696,YAVYWWD8
2697,F7NX72A4
2698,P0KER7PM
2699,E9GDQJH8
2700,W0N4FKDU
2701,TQ8DWCG1
2702,M19QJW4M
2703,KEU3JQ74
2704,EEF72JF0
2705,GPM6X7PN
2706,WUARR5MX
2707,E0Y924DF
2708,CY570XQQ
2709,ND0PKJWQ
2710,H8MK6ERU
2711,P085ECHX
2712,VUE1VX73
2713,FG5JUFCF
2714,P9NR8FQ3
2715,PVK9UEWP
2716,U6K56861
2717,XM81WT8X
2718,UA1FU0XG
2719,Q54DP8QH
2720,P0A8PCJC
2721,MXDNKA0K
2722,VHTH7CP0
2723,V6CTPCJV
2724,M4A8D4X1
2725,ENGQK89W
2726,YEP5NT75
2727,VXN13X9N
2728,N0YQKJTV
2729,KJCNYND7
2730,NC17RUYP
2731,TJTA1HP2
2732,YR87M2A8
2733,AADNUWQ1
2734,U5NXN4C1
2735,R26REN8Y
2736,CT78J2D1
2737,WYPQQ6FQ
2738,XTYM8TX9
2739,DGCDV087
2740,TQ768GJG
2741,V2MP5FT6
2742,FG1HG7JY
2743,AQQPYQWE
2744,UEPVNRP7
2745,UV87NCTH
2746,G9UCN6W8
2747,AN5PXQCN
2748,XXUPMTRX
2749,E3MVDNWQ
2750,FH24TWUP
2751,J7TDX865
2752,R3R5UPJD
2753,QM9HFNEK
2754,H9UJ39XW
2755,DWMWA58K
2756,PWEY8AXJ
2757,GN2TFVH2
2758,TFHH63HG
2759,TV7E6M3A
2760,CH8X0GRW
2761,TFJDDY23
2762,UX38MQ99
2763,NYCRTJ46
2764,N1Y1CFR7
2765,FA4YD5GU
2766,X1Y4U5CG
2767,RXTE7AHY
2768,ERRKA9TD
2769,DN32KWNJ
2770,E4HF3CPV
2771,NC6YN12V
2772,AE2Y30FQ
2773,JA0AAD30
2774,DGCXRHYT
2775,NANH18AA
2776,NVR27W0K
2777,XHF65RX3
2778,X4HX2JJ9
2779,PCM6R10Q
2780,PRQMCKUT
2781,QW74G3YG
2782,YU0H9X4N
2783,TYKQDE2Y
2784,D3UJ7DVY
2785,X8NVYY0R
2786,MRH3NY35
2787,TW57NTCR
2788,WXCP1966
2789,NQFER4D7
2790,ND7EYAJM
2791,HYJYAXW1
2792,KMQPMGDP
2793,JY0AFGX1
2794,DW6AMR3V
2795,XUWEGPJP
2796,T4XM7GFH
2797,GMYX3FMY
2798,T808FK84
2799,TMN2PMPN
2800,GM6CV2V9
2801,UW2C34AH
2802,QR185V1H
2803,YK5WXX44
2804,R61DEGH3
2805,PY5P886K
2806,HJQQA25U
2807,Y57RNC75
2808,YVU9VDT1
2809,C3X2MHRR
2810,H7XYV6PF
2811,JNHTMDWY
2812,M363J1GU
2813,DR3MXNQH
2814,RHP7386X
2815,EWCVD3TK
2816,NEMRR8Y1
2817,JEDEDCC1
2818,NJVMYMUP
2819,N0CE18XM
2820,J9PC69WD
2821,JXM2T21M
2822,C912X6VD
2823,UYY5D4XT
2824,PHTP2T15
2825,Y3WUM0UU
2826,K45Q448G
2827,TC9GGF47
2828,U4R2YPFQ
2829,DYM83K4W
2830,UP9MNK51
2831,PKX8T5TF
2832,F4YNG1A3
2833,HEGEYQG2
2834,TPMQ0PA0
2835,HHT4M51K
2836,XH5H08MF
2837,Y9KGPMU3
2838,M17F4KKY
2839,U7M3CXJ5
2840,E093W603
2841,CDFKM3AF
2842,Q71AN2WP
2843,AE37H82T
2844,U9Q0AUV9
2845,T3K53D5H
2846,PV45E68A
2847,W7EGANF3
2848,V0NFF12D
2849,MA447MHG
2850,J3R7XY4E